Name,Addr,LocationLat,LocationLng,CompanyID
Jobsite1,Addr1,37.7749295,-122.4194155,1
Jobsite2,Addr2,34.0522342,-118.2436849,1
Jobsite3,Addr3,40.712776,-74.005974,2
Jobsite4,Addr4,41.878113,-87.629799,2
Jobsite5,Addr5,29.760427,-95.369804,3
Jobsite6,Addr6,33.448376,-112.074036,3
Jobsite7,Addr7,39.739236,-104.990251,4
Jobsite8,Addr8,32.715736,-117.161087,4