Name,Addr,LocationLat,LocationLng,CompanyID
Jobsite1,Addr1,37.7749295,-122.4194155,1
Jobsite2,Addr2,34.052235,-118.243683,1
IESB,IESB,32.52627990288836,-92.64373543206204,3