Name,Addr,LocationLat,LocationLng
Company1,Addr1,37.7749295,-122.4194155
Company2,Addr2,34.0522342,-118.2436849
Latech,Ruston,51.507351,-0.127758
gOT network?,Ruston,51.507351,-0.127758
ACI&SM,Ruston,51.507351,-0.127758
ESRC,Ruston,51.507351,-0.127758
Skriptor,Ruston,51.507351,-0.127758
J.A.N.A,Ruston,51.507351,-0.127758
IRL Inventory,Ruston,51.507351,-0.127758
Basalt,Ruston,51.507351,-0.127758
Latech Chem Labs,Ruston,51.507351,-0.127758
DBMeister,Ruston,51.507351,-0.127758