Name,Addr,LocationLat,LocationLng
Company1,Addr1,37.7749295,-122.4194155
Company2,Addr2,34.0522342,-118.2436849
Company3,Addr3,40.7127753,-74.0059728
Company4,Addr4,41.8781136,-87.6297982
Company5,Addr5,29.7604267,-95.3698028
Company6,Addr6,33.4483771,-112.0740373
Company7,Addr7,39.7392358,-104.990251
Company8,Addr8,32.715738,-117.1610838
Company9,Addr9,47.6062095,-122.3320708
Company10,Addr10,39.9525839,-75.1652215